{
  "temperature": 0.5,
  "ece_before": 0.060399375399764706,
  "ece_after": 0.012405577971010792
}