{
  "phase_a": {
    "train_loss": [
      1.254196241182863,
      1.008289398383518,
      0.9333992483392582
    ],
    "train_acc": [
      0.30362537764350456,
      0.5392749244712991,
      0.5981873111782477
    ],
    "val_loss": [
      1.1317554712295532,
      0.9796117544174194,
      0.9160752892494202
    ],
    "val_acc": [
      0.6875,
      0.6875,
      0.65625
    ]
  },
  "phase_b": {
    "train_loss": [
      0.7124514392495516,
      0.4149216806060238,
      0.42596532841103313,
      0.3478183668455689,
      0.35949136771464274,
      0.28459141000520066,
      0.3742139571292883,
      0.20736547331593008,
      0.199626805390206,
      0.23774763095414891,
      0.4183945446036013,
      0.36944113968902487,
      0.33259902435307054,
      0.33357550113762974
    ],
    "train_acc": [
      0.5438066465256798,
      0.7009063444108762,
      0.6963746223564955,
      0.6631419939577039,
      0.5604229607250756,
      0.6903323262839879,
      0.6601208459214502,
      0.6374622356495468,
      0.6042296072507553,
      0.4637462235649547,
      0.8202416918429003,
      0.6722054380664653,
      0.6827794561933535,
      0.6510574018126888
    ],
    "val_loss": [
      0.6492385268211365,
      0.37122106552124023,
      0.3268175721168518,
      0.23834556341171265,
      0.24182873964309692,
      0.21846726536750793,
      0.29306092858314514,
      0.2721184194087982,
      0.2960537374019623,
      0.2732841670513153,
      0.28556352853775024,
      0.26895222067832947,
      0.2747455835342407,
      0.30438318848609924
    ],
    "val_acc": [
      0.6875,
      0.84375,
      0.875,
      0.90625,
      0.9375,
      0.9375,
      0.84375,
      0.90625,
      0.84375,
      0.875,
      0.875,
      0.875,
      0.90625,
      0.90625
    ]
  }
}