{
  "phase_a": {
    "train_loss": [
      1.0115846395492554,
      0.8624088489092313,
      0.8213907892887409
    ],
    "train_acc": [
      0.38461538461538464,
      0.5024038461538461,
      0.5264423076923077
    ],
    "val_loss": [
      0.8912966484608857,
      0.797259693560393,
      0.7363337148790774
    ],
    "val_acc": [
      0.8913043478260869,
      0.9347826086956522,
      0.9347826086956522
    ]
  },
  "phase_b": {
    "train_loss": [
      0.6697830374424274,
      0.6451221016737131,
      0.5405900913935441,
      0.44018274201796603,
      0.35725168081430286,
      0.31217898772313046,
      0.30337365659383625,
      0.26979754177423626,
      0.43682479973022753,
      0.4289940916574918,
      0.22702137137261721,
      0.26449351313595587,
      0.2976309211494831,
      0.23585728641885978,
      0.4556940900018582,
      0.18887214505901703,
      0.2453602419163172,
      0.2850836506829812,
      0.26576814098426926,
      0.39423239489014333,
      0.25172667756963235,
      0.294732937302727
    ],
    "train_acc": [
      0.5264423076923077,
      0.6754807692307693,
      0.6394230769230769,
      0.6947115384615384,
      0.5649038461538461,
      0.6466346153846154,
      0.8677884615384616,
      0.6490384615384616,
      0.5600961538461539,
      0.59375,
      0.75,
      0.7524038461538461,
      0.71875,
      0.7355769230769231,
      0.625,
      0.7451923076923077,
      0.7235576923076923,
      0.6033653846153846,
      0.6634615384615384,
      0.8100961538461539,
      0.5360576923076923,
      0.6923076923076923
    ],
    "val_loss": [
      0.5168444514274597,
      0.3786363938580389,
      0.3116085607072581,
      0.2873043417930603,
      0.24806003726047018,
      0.2551723925963692,
      0.2138174603814664,
      0.24499271226965863,
      0.24064085405805838,
      0.26121347753897955,
      0.2502860141837079,
      0.22644682293352875,
      0.21343515100686447,
      0.20394347413726474,
      0.2549657886442931,
      0.25040217197459674,
      0.2807776902032935,
      0.26428885563560156,
      0.2654838380606278,
      0.2863494805667711,
      0.2472308407659116,
      0.2571512097897737
    ],
    "val_acc": [
      0.9130434782608695,
      0.8913043478260869,
      0.9130434782608695,
      0.9130434782608695,
      0.9347826086956522,
      0.9130434782608695,
      0.9347826086956522,
      0.8913043478260869,
      0.9347826086956522,
      0.8913043478260869,
      0.9347826086956522,
      0.9782608695652174,
      0.9130434782608695,
      0.9347826086956522,
      0.9347826086956522,
      0.9347826086956522,
      0.9130434782608695,
      0.9347826086956522,
      0.9347826086956522,
      0.9130434782608695,
      0.9565217391304348,
      0.9565217391304348
    ]
  }
}