{
  "temperature": 0.5,
  "ece_before": 0.01909217834472656,
  "ece_after": 0.0007961392402648926
}