{
  "phase_a": {
    "train_loss": [
      1.0040905280059642,
      0.890247618884183,
      0.7539905904384142
    ],
    "train_acc": [
      0.46292134831460674,
      0.5123595505617977,
      0.4337078651685393
    ],
    "val_loss": [
      0.8453215409298332,
      0.781283789751481,
      0.6621546112761205
    ],
    "val_acc": [
      0.7755102040816326,
      0.8979591836734694,
      0.8367346938775511
    ]
  },
  "phase_b": {
    "train_loss": [
      0.6865353252110856,
      0.592938512630677,
      0.44095763035034863,
      0.32523843425043514,
      0.41048644057820355,
      0.27754934610945453,
      0.4579233008824038,
      0.33356187102499973,
      0.26587657114762936,
      0.4268388957789775,
      0.37463051803996056,
      0.27014793124091757,
      0.2964323986614688,
      0.36107989830917187,
      0.20967486822203305,
      0.3729959883046954,
      0.24575313765011478,
      0.20764842686358462,
      0.37345461229260046,
      0.3095997643437278,
      0.24970103671376626,
      0.15088632709524605,
      0.4156536730487695,
      0.36071408464667504,
      0.32160328175412134,
      0.4319720060637828,
      0.1474287710832746,
      0.21601228124639962,
      0.30048451319839176,
      0.2803613279224112
    ],
    "train_acc": [
      0.4584269662921348,
      0.5191011235955056,
      0.7797752808988764,
      0.5797752808988764,
      0.6179775280898876,
      0.6561797752808989,
      0.698876404494382,
      0.7123595505617978,
      0.6157303370786517,
      0.647191011235955,
      0.7685393258426966,
      0.5910112359550562,
      0.651685393258427,
      0.6966292134831461,
      0.7101123595505618,
      0.5370786516853933,
      0.6202247191011236,
      0.5730337078651685,
      0.6292134831460674,
      0.7213483146067415,
      0.5460674157303371,
      0.7640449438202247,
      0.7325842696629213,
      0.6584269662921348,
      0.7348314606741573,
      0.797752808988764,
      0.5573033707865168,
      0.6382022471910113,
      0.6786516853932584,
      0.7078651685393258
    ],
    "val_loss": [
      0.3501952716282436,
      0.30942845344543457,
      0.19962690466520738,
      0.14456585384145074,
      0.14684609795103268,
      0.12455139598067926,
      0.13912832219989932,
      0.1313108117604742,
      0.11233601491062009,
      0.17738932036623664,
      0.14514118220124925,
      0.12053203917279535,
      0.12641962754483127,
      0.13976014587952165,
      0.07405700618211104,
      0.1044520524387457,
      0.12171843267825184,
      0.11934449668137395,
      0.15739648758756872,
      0.14357717996653246,
      0.0921117971290131,
      0.06906883616228493,
      0.1472074830410432,
      0.12879643330768664,
      0.11586957257621143,
      0.13168325107924791,
      0.08119908127249503,
      0.07543318650248099,
      0.08732980672194034,
      0.08342086447744954
    ],
    "val_acc": [
      0.9387755102040817,
      0.9387755102040817,
      0.9795918367346939,
      0.9591836734693877,
      0.9795918367346939,
      0.9795918367346939,
      0.9795918367346939,
      0.9795918367346939,
      0.9795918367346939,
      0.9795918367346939,
      0.9795918367346939,
      0.9795918367346939,
      0.9795918367346939,
      1.0,
      1.0,
      1.0,
      1.0,
      0.9795918367346939,
      0.9795918367346939,
      0.9795918367346939,
      1.0,
      1.0,
      1.0,
      1.0,
      1.0,
      1.0,
      1.0,
      1.0,
      1.0,
      1.0
    ]
  }
}