{
  "temperature": 0.6,
  "ece_before": 0.09227075654527415,
  "ece_after": 0.0594217168248218
}