{
  "temperature": 0.5,
  "ece_before": 0.014461338520050049,
  "ece_after": 0.00015431642532348633
}