{
  "phase_a": {
    "train_loss": [
      0.9706591738407687,
      0.7481382099562736,
      0.5882195669223057
    ],
    "train_acc": [
      0.5636042402826855,
      0.508833922261484,
      0.7137809187279152
    ],
    "val_loss": [
      0.8240898251533508,
      0.5696442723274231,
      0.4244489073753357
    ],
    "val_acc": [
      1.0,
      1.0,
      1.0
    ]
  },
  "phase_b": {
    "train_loss": [
      0.5366211362946581,
      0.23122263323291872,
      0.21997277391251743,
      0.21200118944470117,
      0.3960240586486385,
      0.35222642344847166,
      0.340122750943836,
      0.1944572202130731,
      0.3190518784544072,
      0.2468423011709439,
      0.18328836425980916,
      0.126835271742445,
      0.3177723164568152,
      0.18722360882605343,
      0.309582117602703,
      0.09956723721467564
    ],
    "train_acc": [
      0.6342756183745583,
      0.8445229681978799,
      0.7791519434628975,
      0.6678445229681979,
      0.7826855123674912,
      0.7438162544169611,
      0.657243816254417,
      0.6625441696113075,
      0.7561837455830389,
      0.6590106007067138,
      0.7084805653710248,
      0.5565371024734982,
      0.45936395759717313,
      0.823321554770318,
      0.627208480565371,
      0.7950530035335689
    ],
    "val_loss": [
      0.06314123421907425,
      0.02097266912460327,
      0.015210817568004131,
      0.05127616226673126,
      0.09571941941976547,
      0.06253276020288467,
      0.023320820182561874,
      0.014616560190916061,
      0.07223392277956009,
      0.030562059953808784,
      0.03488852456212044,
      0.02835533395409584,
      0.032063595950603485,
      0.021911168470978737,
      0.0857694000005722,
      0.01780526153743267
    ],
    "val_acc": [
      1.0,
      1.0,
      1.0,
      1.0,
      1.0,
      1.0,
      1.0,
      1.0,
      1.0,
      1.0,
      1.0,
      1.0,
      1.0,
      1.0,
      1.0,
      1.0
    ]
  }
}