{
  "temperature": 0.9,
  "ece_before": 0.055768415812523134,
  "ece_after": 0.04791445052751931
}