{
  "temperature": 0.6,
  "ece_before": 0.1138455243781209,
  "ece_after": 0.08309341967105865
}