{
  "phase_a": {
    "train_loss": [
      2.2131963531996814,
      1.6324944070842557,
      1.3932405333654496
    ],
    "train_acc": [
      0.24125945614393784,
      0.3692496421999591,
      0.39991821713351056
    ],
    "val_loss": [
      1.5889507280324553,
      1.1844038994792272,
      1.0413316189259192
    ],
    "val_acc": [
      0.6633663366336634,
      0.7161716171617162,
      0.7524752475247525
    ]
  },
  "phase_b": {
    "train_loss": [
      0.9870512735085653,
      0.8483829618633658,
      0.7375896977067627,
      0.6001617002038716,
      0.5485390202993266,
      0.5595476079246239,
      0.519853835282236,
      0.5410908916669983,
      0.5397294750663735,
      0.42537089224285546,
      0.5025813883934813,
      0.5448560838126205,
      0.4731581533593138,
      0.49880175351063744,
      0.45559153264585334,
      0.4671371965170207,
      0.45415415735338344,
      0.4636917438748801,
      0.5349231014564021,
      0.4467885860031921,
      0.5078618307351347,
      0.4272832104656712,
      0.4515321978549331,
      0.43881541690871995,
      0.4604578752394753
    ],
    "train_acc": [
      0.4448987937027193,
      0.4585974238397056,
      0.4694336536495604,
      0.5634839501124514,
      0.5354733183398078,
      0.5123696585565324,
      0.4943774279288489,
      0.5620527499488857,
      0.6074422408505418,
      0.5465140053158863,
      0.5305663463504395,
      0.525250460028624,
      0.5195256593743611,
      0.4970353710897567,
      0.5121652013903087,
      0.5319975465140053,
      0.6366796156205276,
      0.5837252095685954,
      0.5647106931097935,
      0.5232058883663873,
      0.583316295236148,
      0.6070333265180945,
      0.6021263545287262,
      0.5499897771416888,
      0.5538744632999386
    ],
    "val_loss": [
      0.3983654006086167,
      0.3111491333140005,
      0.25475781447816603,
      0.23522966608355936,
      0.2573408570029948,
      0.20665322514650453,
      0.23373186765330853,
      0.22197429260404983,
      0.17333000819675207,
      0.13572603110039588,
      0.22023265226052538,
      0.1798945420449323,
      0.20812175553230564,
      0.17385955523736407,
      0.1406508491377626,
      0.16817925393384675,
      0.12630983449444913,
      0.1431933053255868,
      0.14987250916635242,
      0.15618210126071086,
      0.16745654958309514,
      0.1543208630171546,
      0.1602663238449852,
      0.1488650642802613,
      0.15126862049889644
    ],
    "val_acc": [
      0.8811881188118812,
      0.9075907590759076,
      0.9372937293729373,
      0.9273927392739274,
      0.9405940594059405,
      0.9372937293729373,
      0.9306930693069307,
      0.9372937293729373,
      0.9471947194719472,
      0.9636963696369637,
      0.9504950495049505,
      0.9504950495049505,
      0.9405940594059405,
      0.9438943894389439,
      0.9636963696369637,
      0.9537953795379538,
      0.9636963696369637,
      0.9636963696369637,
      0.9636963696369637,
      0.9603960396039604,
      0.9636963696369637,
      0.966996699669967,
      0.966996699669967,
      0.9636963696369637,
      0.966996699669967
    ]
  }
}