{
  "temperature": 0.8,
  "ece_before": 0.029366963767375884,
  "ece_after": 0.015323070311310267
}