{
  "phase_a": {
    "train_loss": [
      1.495317738263213,
      1.2537126327429164,
      1.1122907226493044
    ],
    "train_acc": [
      0.29411764705882354,
      0.49859943977591037,
      0.4649859943977591
    ],
    "val_loss": [
      1.3141478992277575,
      1.133545393584877,
      1.0127138444172439
    ],
    "val_acc": [
      0.6666666666666666,
      0.6989247311827957,
      0.7741935483870968
    ]
  },
  "phase_b": {
    "train_loss": [
      0.9328624851563397,
      0.721697154165316,
      0.6395675322922671,
      0.6428760193309196,
      0.49724516664900364,
      0.4832449733209209,
      0.48850422066633775,
      0.4814865685978523,
      0.4368210262318953,
      0.3824616006943358,
      0.4440720866040355,
      0.4478275080521901,
      0.34884121137506824,
      0.2931449420030127,
      0.4475340255919625,
      0.37454433586834524,
      0.29510521241763726,
      0.2842210006146204,
      0.37734386612366394,
      0.2758011372566891,
      0.31607370890405667,
      0.18658299543777435,
      0.37010622149755973,
      0.22892313634230643,
      0.23985479715741984,
      0.3621850622405692,
      0.2300307431495657,
      0.29905324064049066,
      0.2830969597361669,
      0.29762013425596623
    ],
    "train_acc": [
      0.4733893557422969,
      0.6148459383753502,
      0.5630252100840336,
      0.6414565826330533,
      0.5672268907563025,
      0.6876750700280112,
      0.6736694677871149,
      0.6302521008403361,
      0.6512605042016807,
      0.6330532212885154,
      0.5434173669467787,
      0.5350140056022409,
      0.5448179271708683,
      0.6442577030812325,
      0.7100840336134454,
      0.623249299719888,
      0.6302521008403361,
      0.5266106442577031,
      0.623249299719888,
      0.5098039215686274,
      0.6358543417366946,
      0.5952380952380952,
      0.6190476190476191,
      0.5700280112044818,
      0.6386554621848739,
      0.5714285714285714,
      0.6134453781512605,
      0.7002801120448179,
      0.6022408963585434,
      0.5056022408963585
    ],
    "val_loss": [
      0.6415171815503028,
      0.4462165026575006,
      0.3156466396745815,
      0.33410851256821744,
      0.27874937172858943,
      0.24195259184606613,
      0.208139641671091,
      0.2897700422233151,
      0.24278176359591946,
      0.21826327776396146,
      0.2079796092084018,
      0.25414269850138693,
      0.2531419211337643,
      0.22936481305508202,
      0.2623331849613497,
      0.2684555495938947,
      0.23361950555956493,
      0.19820974747179657,
      0.1912415926094337,
      0.22701051867296618,
      0.24377071528985936,
      0.20295097710945273,
      0.21083650505670937,
      0.21113738453676623,
      0.19650616372625032,
      0.19116615636214132,
      0.19961905273138195,
      0.20165417603747818,
      0.204571399597391,
      0.211318590467976
    ],
    "val_acc": [
      0.8494623655913979,
      0.9032258064516129,
      0.9139784946236559,
      0.946236559139785,
      0.946236559139785,
      0.956989247311828,
      0.9354838709677419,
      0.9139784946236559,
      0.9139784946236559,
      0.9354838709677419,
      0.946236559139785,
      0.9247311827956989,
      0.9354838709677419,
      0.9247311827956989,
      0.9354838709677419,
      0.9139784946236559,
      0.9032258064516129,
      0.9247311827956989,
      0.9247311827956989,
      0.9139784946236559,
      0.9247311827956989,
      0.9247311827956989,
      0.9247311827956989,
      0.9354838709677419,
      0.9247311827956989,
      0.9247311827956989,
      0.9354838709677419,
      0.9354838709677419,
      0.9354838709677419,
      0.946236559139785
    ]
  }
}