{
  "phase_a": {
    "train_loss": [
      0.658857360151079,
      0.5168716589609782,
      0.42450938092337714
    ],
    "train_acc": [
      0.5805555555555556,
      0.75,
      0.8083333333333333
    ],
    "val_loss": [
      0.5066828727722168,
      0.3840775787830353,
      0.28762874007225037
    ],
    "val_acc": [
      0.9,
      1.0,
      1.0
    ]
  },
  "phase_b": {
    "train_loss": [
      0.3221838143136766,
      0.19386704299185012,
      0.26249482929706575,
      0.19761748338739077,
      0.13863189096252124,
      0.16234651779135068,
      0.13447466509209738,
      0.09467903284562959,
      0.16665145564410422,
      0.1392083704057667,
      0.09165280945599079,
      0.17709549648894204,
      0.14780758404069477,
      0.08993930468956629,
      0.16025508443514505,
      0.23622447351614634
    ],
    "train_acc": [
      0.6527777777777778,
      0.725,
      0.7388888888888889,
      0.6944444444444444,
      0.775,
      0.8527777777777777,
      0.7472222222222222,
      0.7888888888888889,
      0.8694444444444445,
      0.7138888888888889,
      0.7722222222222223,
      0.7083333333333334,
      0.8583333333333333,
      0.7861111111111111,
      0.85,
      0.7083333333333334
    ],
    "val_loss": [
      0.10055048763751984,
      0.05387752503156662,
      0.05150115489959717,
      0.039439041167497635,
      0.028679296374320984,
      0.03841622918844223,
      0.03203601390123367,
      0.019461223855614662,
      0.03232851251959801,
      0.034659042954444885,
      0.020813103765249252,
      0.028738636523485184,
      0.02999773621559143,
      0.03602823615074158,
      0.02907322719693184,
      0.04311913624405861
    ],
    "val_acc": [
      1.0,
      1.0,
      1.0,
      1.0,
      1.0,
      1.0,
      1.0,
      1.0,
      1.0,
      1.0,
      1.0,
      1.0,
      1.0,
      1.0,
      1.0,
      1.0
    ]
  }
}